{
  "anger": {
    "precision": 0.9579439252336449,
    "recall": 0.9447004608294931,
    "f1-score": 0.951276102088167,
    "support": 217.0
  },
  "fear": {
    "precision": 0.8333333333333334,
    "recall": 0.9482758620689655,
    "f1-score": 0.8870967741935484,
    "support": 174.0
  },
  "joy": {
    "precision": 0.94140625,
    "recall": 0.9582504970178927,
    "f1-score": 0.9497536945812808,
    "support": 503.0
  },
  "love": {
    "precision": 0.8805031446540881,
    "recall": 0.8805031446540881,
    "f1-score": 0.8805031446540881,
    "support": 159.0
  },
  "sadness": {
    "precision": 0.9852941176470589,
    "recall": 0.9493927125506073,
    "f1-score": 0.9670103092783505,
    "support": 494.0
  },
  "surprise": {
    "precision": 0.9024390243902439,
    "recall": 0.6981132075471698,
    "f1-score": 0.7872340425531915,
    "support": 53.0
  },
  "accuracy": 0.93625,
  "macro avg": {
    "precision": 0.9168199658763948,
    "recall": 0.8965393141113694,
    "f1-score": 0.9038123445581044,
    "support": 1600.0
  },
  "weighted avg": {
    "precision": 0.9381035862100192,
    "recall": 0.93625,
    "f1-score": 0.9362089739225113,
    "support": 1600.0
  }
}